Day,Date,Bahir_Dar sim,Bahir_Dar data,Bahir_Dar error,Gondar sim,Gondar data,Gondar error,Hamdayet sim,Hamdayet data,Hamdayet error,Lugdi sim,Lugdi data,Lugdi error,Abderafi sim,Abderafi data,Abderafi error,Wad_Al_Mahi sim,Wad_Al_Mahi data,Wad_Al_Mahi error,Sehra sim,Sehra data,Sehra error,Tsorona sim,Tsorona data,Tsorona error,Galafi sim,Galafi data,Galafi error,Total error,refugees in camps (UNHCR),total refugees (simulation),raw UNHCR refugee count,refugees in camps (simulation),refugee_debt
0,2020-11-04,0,0,0.0,0,0,0.0,0,0,0.0,0,0,0.0,0,0,0.0,0,0,0.0,0,0,0.0,0,0,0.0,0,0,0.0,0.0,0,0,0,0,0
1,2020-11-05,0,0,0.0,0,0,0.0,0,13,1.0,0,7,1.0,0,0,0.0,0,0,0.0,6,0,0.0,0,0,0.0,0,0,0.0,1.3,20,16,20,6,0
2,2020-11-06,0,0,0.0,0,0,0.0,0,26,1.0,0,14,1.0,0,0,0.0,0,0,0.0,10,0,0.0,0,0,0.0,0,0,0.0,1.25,40,31,40,10,0
3,2020-11-07,0,0,0.0,0,0,0.0,0,39,1.0,0,21,1.0,0,0,0.0,0,1,1.0,11,0,0.0,0,0,0.0,0,0,0.0,1.180327868852459,61,52,61,11,0
4,2020-11-08,0,0,0.0,0,0,0.0,0,52,1.0,0,28,1.0,0,0,0.0,0,1,1.0,11,0,0.0,0,0,0.0,0,0,0.0,1.1358024691358024,81,67,81,11,0
5,2020-11-09,0,0,0.0,0,0,0.0,0,65,1.0,0,36,1.0,0,0,0.0,0,2,1.0,11,0,0.0,0,0,0.0,0,0,0.0,1.1067961165048543,103,77,103,11,0
6,2020-11-10,0,0,0.0,0,0,0.0,0,78,1.0,0,43,1.0,0,1,1.0,0,2,1.0,11,0,0.0,0,0,0.0,0,0,0.0,1.0887096774193548,124,93,124,11,0
7,2020-11-11,0,0,0.0,0,0,0.0,2,91,0.978,2,50,0.96,0,1,1.0,0,3,1.0,12,0,0.0,0,0,0.0,0,0,0.0,1.0551724137931036,145,107,145,16,0
8,2020-11-12,0,0,0.0,0,0,0.0,2,104,0.9808,3,57,0.9474,0,1,1.0,0,3,1.0,13,0,0.0,0,0,0.0,0,0,0.0,1.0484848484848486,165,130,165,18,0
9,2020-11-13,0,0,0.0,1,0,0.0,2,117,0.9829,4,64,0.9375,0,1,1.0,0,4,1.0,15,0,0.0,0,0,0.0,0,0,0.0,1.053763440860215,186,146,186,22,0
10,2020-11-14,0,0,0.0,2,0,0.0,2,130,0.9846,7,72,0.9028,1,1,0.0,0,4,1.0,16,0,0.0,0,0,0.0,0,0,0.0,1.038647342995169,207,167,207,28,0
11,2020-11-15,0,0,0.0,4,0,0.0,2,144,0.9861,7,79,0.9114,1,1,0.0,0,5,1.0,16,0,0.0,0,0,0.0,0,0,0.0,1.0436681222707425,229,186,229,30,0
12,2020-11-16,0,0,0.0,6,0,0.0,3,157,0.9809,8,86,0.907,1,2,0.5,0,5,1.0,16,0,0.0,0,0,0.0,0,0,0.0,1.04,250,213,250,34,0
13,2020-11-17,0,0,0.0,8,0,0.0,4,170,0.9765,9,93,0.9032,1,2,0.5,0,6,1.0,17,0,0.0,0,0,0.0,0,0,0.0,1.040590405904059,271,235,271,39,0
14,2020-11-18,0,1,1.0,9,1,8.0,4,183,0.9781,9,100,0.91,1,2,0.5,0,6,1.0,18,1,17.0,0,1,1.0,0,1,1.0,1.0304054054054057,296,255,296,41,0
15,2020-11-19,0,1,1.0,11,1,10.0,4,199,0.9799,9,103,0.9126,1,2,0.5,0,6,1.0,18,1,17.0,0,1,1.0,0,1,1.0,1.034920634920635,315,263,315,43,0
16,2020-11-20,0,1,1.0,13,1,12.0,4,215,0.9814,11,105,0.8952,1,3,0.6667,0,6,1.0,19,1,18.0,0,1,1.0,0,1,1.0,1.035928143712575,334,270,334,48,0
17,2020-11-21,0,1,1.0,17,1,16.0,4,231,0.9827,12,108,0.8889,1,4,0.75,0,6,1.0,21,1,20.0,0,1,1.0,0,1,1.0,1.0480225988700564,354,297,354,55,0
18,2020-11-22,0,1,1.0,19,1,18.0,4,247,0.9838,13,111,0.8829,1,4,0.75,0,6,1.0,22,1,21.0,0,1,1.0,0,1,1.0,1.0509383378016086,373,319,373,59,0
19,2020-11-23,0,1,1.0,25,1,24.0,5,263,0.981,14,113,0.8761,1,5,0.8,0,6,1.0,22,1,21.0,0,1,1.0,0,1,1.0,1.058673469387755,392,347,392,67,0
20,2020-11-24,0,1,1.0,25,1,24.0,5,279,0.9821,15,116,0.8707,1,5,0.8,0,6,1.0,23,1,22.0,0,1,1.0,0,1,1.0,1.0559610705596107,411,368,411,69,0
21,2020-11-25,0,1,1.0,25,1,24.0,5,282,0.9823,15,117,0.8718,1,5,0.8,0,6,1.0,23,1,22.0,0,1,1.0,0,1,1.0,1.055421686746988,415,383,415,69,0
22,2020-11-26,0,1,1.0,26,1,25.0,5,286,0.9825,15,118,0.8729,2,6,0.6667,0,6,1.0,23,1,22.0,0,1,1.0,0,1,1.0,1.0546318289786225,421,394,421,71,0
23,2020-11-27,0,1,1.0,28,1,27.0,4,290,0.9862,15,118,0.8729,2,6,0.6667,0,7,1.0,23,1,22.0,0,1,1.0,0,1,1.0,1.0610328638497653,426,400,426,72,0
24,2020-11-28,0,1,1.0,28,1,27.0,4,297,0.9865,16,120,0.8667,3,6,0.5,0,7,1.0,24,1,23.0,0,1,1.0,0,1,1.0,1.057471264367816,435,411,435,75,0
25,2020-11-29,0,1,1.0,30,1,29.0,4,304,0.9868,16,121,0.8678,4,7,0.4286,0,7,1.0,25,1,24.0,0,1,1.0,0,1,1.0,1.0608108108108107,444,426,444,79,0
26,2020-11-30,0,1,1.0,30,1,29.0,4,311,0.9871,16,122,0.8689,4,7,0.4286,0,7,1.0,25,1,24.0,0,1,1.0,0,1,1.0,1.0597345132743363,452,423,452,79,0
27,2020-12-01,0,1,1.0,30,1,29.0,4,318,0.9874,16,123,0.8699,5,8,0.375,0,7,1.0,25,1,24.0,0,1,1.0,0,1,1.0,1.056399132321041,461,427,461,80,0
28,2020-12-02,0,1,1.0,30,1,29.0,4,318,0.9874,16,123,0.8699,5,8,0.375,0,7,1.0,25,1,24.0,0,1,1.0,0,1,1.0,1.056399132321041,461,445,461,80,0
29,2020-12-03,0,1,1.0,30,1,29.0,4,318,0.9874,16,123,0.8699,5,8,0.375,0,7,1.0,25,1,24.0,0,1,1.0,0,1,1.0,1.056399132321041,461,444,461,80,0
30,2020-12-04,0,1,1.0,29,1,28.0,4,323,0.9876,16,124,0.871,5,8,0.375,0,7,1.0,25,1,24.0,0,1,1.0,0,1,1.0,1.0535331905781584,467,451,467,79,0
31,2020-12-05,0,1,1.0,29,1,28.0,4,335,0.9881,16,125,0.872,5,8,0.375,0,7,1.0,25,1,24.0,1,1,0.0,0,1,1.0,1.05,480,457,480,80,0
32,2020-12-06,0,1,1.0,29,1,28.0,4,347,0.9885,16,127,0.874,5,8,0.375,0,7,1.0,26,1,25.0,1,1,0.0,0,1,1.0,1.0506072874493928,494,466,494,81,0
33,2020-12-07,0,1,1.0,29,1,28.0,4,348,0.9885,16,127,0.874,6,8,0.25,0,7,1.0,25,1,24.0,1,1,0.0,0,1,1.0,1.0464646464646463,495,476,495,81,0
34,2020-12-08,0,1,1.0,29,1,28.0,4,349,0.9885,16,128,0.875,6,8,0.25,0,7,1.0,25,1,24.0,1,1,0.0,0,1,1.0,1.0462776659959758,497,483,497,81,0
35,2020-12-09,0,1,1.0,29,1,28.0,4,350,0.9886,16,129,0.876,6,8,0.25,0,7,1.0,26,1,25.0,1,1,0.0,0,1,1.0,1.0480961923847696,499,490,499,82,0
36,2020-12-10,0,1,1.0,29,1,28.0,4,351,0.9886,16,130,0.8769,6,8,0.25,0,7,1.0,26,1,25.0,1,1,0.0,0,1,1.0,1.0479041916167664,501,494,501,82,0
37,2020-12-11,0,1,1.0,29,1,28.0,4,352,0.9886,16,131,0.8779,7,9,0.2222,0,7,1.0,26,1,25.0,1,1,0.0,1,1,0.0,1.0436507936507935,504,496,504,84,0
38,2020-12-12,0,1,1.0,29,1,28.0,4,353,0.9887,16,131,0.8779,7,9,0.2222,0,7,1.0,26,1,25.0,1,1,0.0,1,1,0.0,1.0435643564356436,505,493,505,84,0
39,2020-12-13,0,1,1.0,29,1,28.0,4,354,0.9887,16,132,0.8788,7,9,0.2222,0,7,1.0,26,1,25.0,1,1,0.0,1,1,0.0,1.0433925049309665,507,491,507,84,0
40,2020-12-14,0,1,1.0,29,1,28.0,4,355,0.9887,17,133,0.8722,7,9,0.2222,0,7,1.0,26,1,25.0,1,1,0.0,2,1,1.0,1.043222003929273,509,501,509,86,0
41,2020-12-15,0,1,1.0,29,1,28.0,4,355,0.9887,17,134,0.8731,7,9,0.2222,0,7,1.0,26,1,25.0,1,1,0.0,2,1,1.0,1.0431372549019609,510,498,510,86,0
42,2020-12-16,1,1,0.0,29,1,28.0,5,356,0.986,17,135,0.8741,7,10,0.3,0,7,1.0,26,1,25.0,1,1,0.0,2,1,1.0,1.0389863547758285,513,501,513,88,0
43,2020-12-17,1,1,0.0,29,1,28.0,5,358,0.986,17,135,0.8741,7,10,0.3,0,7,1.0,26,1,25.0,1,1,0.0,2,1,1.0,1.0388349514563109,515,502,515,88,0
44,2020-12-18,2,1,1.0,29,1,28.0,5,360,0.9861,17,135,0.8741,7,10,0.3,0,7,1.0,26,1,25.0,1,1,0.0,2,1,1.0,1.0406189555125724,517,507,517,89,0
45,2020-12-19,2,1,1.0,29,1,28.0,5,362,0.9862,17,136,0.875,8,10,0.2,0,7,1.0,26,1,25.0,1,1,0.0,2,1,1.0,1.0384615384615383,520,510,520,90,0
46,2020-12-20,2,1,1.0,30,1,29.0,5,364,0.9863,17,136,0.875,8,10,0.2,0,7,1.0,26,1,25.0,1,1,0.0,3,1,2.0,1.0421455938697315,522,513,522,92,0
47,2020-12-21,2,1,1.0,30,1,29.0,5,366,0.9863,17,137,0.8759,8,10,0.2,0,7,1.0,26,1,25.0,1,1,0.0,3,1,2.0,1.041904761904762,525,517,525,92,0
48,2020-12-22,2,1,1.0,30,1,29.0,5,368,0.9864,17,137,0.8759,8,10,0.2,0,7,1.0,26,1,25.0,1,1,0.0,3,1,2.0,1.0417457305502846,527,519,527,92,0
49,2020-12-23,2,1,1.0,30,1,29.0,5,370,0.9865,17,137,0.8759,8,10,0.2,1,7,0.8571,26,1,25.0,1,1,0.0,3,1,2.0,1.0396975425330812,529,518,529,93,0
50,2020-12-24,2,1,1.0,30,1,29.0,5,372,0.9866,18,138,0.8696,8,10,0.2,1,7,0.8571,26,1,25.0,1,1,0.0,3,1,2.0,1.037593984962406,532,518,532,94,0
51,2020-12-25,3,1,2.0,30,1,29.0,5,374,0.9866,18,138,0.8696,8,10,0.2,1,7,0.8571,26,1,25.0,1,1,0.0,3,1,2.0,1.0393258426966292,534,516,534,95,0
52,2020-12-26,3,1,2.0,30,1,29.0,5,376,0.9867,18,139,0.8705,8,10,0.2,1,7,0.8571,26,1,25.0,1,1,0.0,3,1,2.0,1.0391061452513966,537,520,537,95,0
53,2020-12-27,3,1,2.0,30,1,29.0,5,378,0.9868,18,139,0.8705,8,10,0.2,1,7,0.8571,27,1,26.0,1,1,0.0,3,1,2.0,1.0408163265306123,539,520,539,96,0
54,2020-12-28,3,1,2.0,30,1,29.0,5,380,0.9868,18,139,0.8705,8,10,0.2,1,7,0.8571,29,1,28.0,1,1,0.0,3,1,2.0,1.044362292051756,541,522,541,98,0
55,2020-12-29,6,1,5.0,30,1,29.0,5,382,0.9869,18,140,0.8714,8,10,0.2,1,7,0.8571,29,1,28.0,1,1,0.0,3,1,2.0,1.0496323529411764,544,532,544,101,0
56,2020-12-30,6,1,5.0,30,1,29.0,5,384,0.987,18,140,0.8714,8,10,0.2,1,7,0.8571,29,1,28.0,2,1,1.0,3,1,2.0,1.051282051282051,546,499,546,102,0
57,2020-12-31,6,1,5.0,30,1,29.0,5,386,0.987,18,140,0.8714,9,10,0.1,1,7,0.8571,29,1,28.0,2,1,1.0,3,1,2.0,1.0492700729927007,548,499,548,103,0
58,2021-01-01,6,1,5.0,31,1,30.0,5,388,0.9871,18,141,0.8723,9,10,0.1,1,7,0.8571,29,1,28.0,2,1,1.0,3,1,2.0,1.0508166969147006,551,504,551,104,0
59,2021-01-02,6,1,5.0,31,1,30.0,5,390,0.9872,18,141,0.8723,10,10,0.0,1,7,0.8571,29,1,28.0,2,1,1.0,3,1,2.0,1.0488245931283906,553,501,553,105,0
60,2021-01-03,6,1,5.0,31,1,30.0,5,392,0.9872,18,142,0.8732,11,10,0.1,1,7,0.8571,29,1,28.0,2,1,1.0,3,1,2.0,1.0503597122302155,556,535,556,106,0
61,2021-01-04,7,1,6.0,31,1,30.0,5,394,0.9873,18,142,0.8732,11,10,0.1,1,7,0.8571,29,1,28.0,2,1,1.0,3,1,2.0,1.0519713261648749,558,536,558,107,0
62,2021-01-05,7,1,6.0,31,1,30.0,5,395,0.9873,18,142,0.8732,12,10,0.2,1,7,0.8571,29,1,28.0,2,1,1.0,3,1,2.0,1.0536672629695885,559,536,559,108,0
63,2021-01-06,8,1,7.0,31,1,30.0,5,397,0.9874,18,143,0.8741,12,10,0.2,1,7,0.8571,29,1,28.0,2,1,1.0,3,1,2.0,1.0551601423487544,562,540,562,109,0
64,2021-01-07,7,1,6.0,31,1,30.0,5,399,0.9875,18,143,0.8741,12,10,0.2,1,7,0.8571,29,1,28.0,2,1,1.0,3,1,2.0,1.053191489361702,564,540,564,108,0
65,2021-01-08,7,1,6.0,31,1,30.0,5,401,0.9875,18,144,0.875,12,10,0.2,1,7,0.8571,29,1,28.0,2,1,1.0,3,1,2.0,1.052910052910053,567,544,567,108,0
66,2021-01-09,8,1,7.0,33,1,32.0,5,403,0.9876,18,144,0.875,12,10,0.2,1,7,0.8571,29,1,28.0,2,1,1.0,3,1,2.0,1.0579964850615111,569,548,569,111,0
67,2021-01-10,8,1,7.0,33,1,32.0,5,405,0.9877,18,144,0.875,12,10,0.2,1,7,0.8571,29,1,28.0,2,1,1.0,3,1,2.0,1.0577933450087569,571,545,571,111,0
68,2021-01-11,9,1,8.0,33,1,32.0,5,407,0.9877,18,145,0.8759,12,10,0.2,1,7,0.8571,29,1,28.0,2,1,1.0,3,1,2.0,1.059233449477352,574,549,574,112,0
69,2021-01-12,9,1,8.0,34,1,33.0,5,409,0.9878,18,145,0.8759,12,10,0.2,1,7,0.8571,29,1,28.0,2,1,1.0,3,1,2.0,1.0607638888888888,576,545,576,113,0
70,2021-01-13,9,1,8.0,34,1,33.0,5,410,0.9878,18,146,0.8767,12,10,0.2,1,7,0.8571,29,1,28.0,2,1,1.0,3,1,2.0,1.060553633217993,578,547,578,113,0
71,2021-01-14,9,1,8.0,35,1,34.0,5,412,0.9879,18,146,0.8767,12,10,0.2,5,7,0.2857,29,1,28.0,3,1,2.0,3,1,2.0,1.056896551724138,580,553,580,119,0
72,2021-01-15,9,1,8.0,35,1,34.0,5,413,0.9879,18,146,0.8767,12,10,0.2,5,7,0.2857,29,1,28.0,3,1,2.0,3,1,2.0,1.0567986230636832,581,559,581,119,0
73,2021-01-16,10,1,9.0,36,1,35.0,5,414,0.9879,18,147,0.8776,13,10,0.3,5,7,0.2857,29,1,28.0,3,1,2.0,3,1,2.0,1.0617495711835334,583,560,583,122,0
74,2021-01-17,10,1,9.0,36,1,35.0,5,415,0.988,18,147,0.8776,13,10,0.3,5,7,0.2857,29,1,28.0,4,1,3.0,3,1,2.0,1.0633561643835616,584,561,584,123,0
75,2021-01-18,10,1,9.0,36,1,35.0,5,416,0.988,18,148,0.8784,14,10,0.4,5,7,0.2857,29,1,28.0,4,1,3.0,3,1,2.0,1.0648464163822526,586,562,586,124,0
76,2021-01-19,12,1,11.0,36,1,35.0,5,417,0.988,18,148,0.8784,14,10,0.4,5,7,0.2857,29,1,28.0,4,1,3.0,3,1,2.0,1.0681431005110733,587,567,587,126,0
77,2021-01-20,12,1,11.0,36,1,35.0,5,419,0.9881,18,148,0.8784,14,10,0.4,5,7,0.2857,29,1,28.0,4,1,3.0,3,1,2.0,1.067911714770798,589,570,589,126,0
78,2021-01-21,12,1,11.0,36,1,35.0,5,420,0.9881,18,149,0.8792,15,10,0.5,5,7,0.2857,29,1,28.0,4,1,3.0,3,1,2.0,1.0693739424703892,591,571,591,127,0
79,2021-01-22,12,1,11.0,36,1,35.0,5,421,0.9881,18,149,0.8792,15,10,0.5,5,7,0.2857,29,1,28.0,4,1,3.0,4,1,3.0,1.070945945945946,592,575,592,128,0
80,2021-01-23,12,1,11.0,36,1,35.0,5,422,0.9882,19,150,0.8733,15,10,0.5,5,7,0.2857,29,1,28.0,4,1,3.0,4,1,3.0,1.069023569023569,594,579,594,129,0
81,2021-01-24,12,1,11.0,36,1,35.0,5,423,0.9882,19,150,0.8733,15,10,0.5,5,7,0.2857,29,1,28.0,4,1,3.0,4,1,3.0,1.06890756302521,595,579,595,129,0
82,2021-01-25,13,1,12.0,36,1,35.0,5,425,0.9882,20,150,0.8667,15,10,0.5,5,7,0.2857,29,1,28.0,4,1,3.0,4,1,3.0,1.068676716917923,597,579,597,131,0
83,2021-01-26,13,1,12.0,36,1,35.0,5,426,0.9883,20,151,0.8675,15,10,0.5,5,7,0.2857,29,1,28.0,4,1,3.0,4,1,3.0,1.0684474123539232,599,582,599,131,0
84,2021-01-27,13,1,12.0,36,1,35.0,5,427,0.9883,20,151,0.8675,15,10,0.5,5,7,0.2857,29,1,28.0,4,1,3.0,4,1,3.0,1.0683333333333334,600,585,600,131,0
85,2021-01-28,13,1,12.0,36,1,35.0,5,428,0.9883,20,152,0.8684,15,10,0.5,5,7,0.2857,29,1,28.0,4,1,3.0,4,1,3.0,1.0681063122923589,602,584,602,131,0
86,2021-01-29,13,1,12.0,37,1,36.0,5,429,0.9883,20,152,0.8684,16,10,0.6,5,7,0.2857,29,1,28.0,4,1,3.0,4,1,3.0,1.0713101160862355,603,585,603,133,0
87,2021-01-30,14,1,13.0,37,1,36.0,5,431,0.9884,20,152,0.8684,16,10,0.6,6,7,0.1429,29,1,28.0,4,1,3.0,4,1,3.0,1.071074380165289,605,589,605,135,0
88,2021-01-31,14,1,13.0,36,1,35.0,5,432,0.9884,20,153,0.8693,16,10,0.6,6,7,0.1429,29,1,28.0,4,1,3.0,4,1,3.0,1.0691927512355848,607,586,607,134,0
89,2021-02-01,15,1,14.0,36,1,35.0,5,433,0.9885,20,153,0.8693,16,10,0.6,6,7,0.1429,29,1,28.0,4,1,3.0,4,1,3.0,1.0707236842105263,608,589,608,135,0
90,2021-02-02,17,1,16.0,36,1,35.0,5,434,0.9885,20,154,0.8701,17,10,0.7,6,7,0.1429,31,1,30.0,4,1,3.0,4,1,3.0,1.0786885245901638,610,593,610,140,0
91,2021-02-03,17,1,16.0,36,1,35.0,5,435,0.9885,20,154,0.8701,17,10,0.7,6,7,0.1429,31,1,30.0,4,1,3.0,5,1,4.0,1.0801963993453356,611,597,611,141,0
92,2021-02-04,18,1,17.0,36,1,35.0,5,436,0.9885,20,154,0.8701,17,10,0.7,6,6,0.0,31,1,30.0,4,1,3.0,5,1,4.0,1.0818330605564648,611,598,611,142,0
93,2021-02-05,18,1,17.0,37,1,36.0,5,436,0.9885,20,154,0.8701,17,10,0.7,6,6,0.0,30,1,29.0,4,1,3.0,5,1,4.0,1.0818330605564648,611,595,611,142,0
94,2021-02-06,18,1,17.0,38,1,37.0,5,436,0.9885,21,154,0.8636,17,10,0.7,6,6,0.0,30,1,29.0,4,1,3.0,6,1,5.0,1.0834697217675942,611,598,611,145,0
95,2021-02-07,18,1,17.0,38,1,37.0,5,437,0.9886,21,154,0.8636,17,10,0.7,7,6,0.1667,30,1,29.0,5,1,4.0,7,1,6.0,1.088235294117647,612,606,612,148,0
96,2021-02-08,18,1,17.0,39,1,38.0,5,437,0.9886,21,155,0.8645,18,10,0.8,7,6,0.1667,30,1,29.0,5,1,4.0,7,1,6.0,1.0913539967373571,613,605,613,150,0
97,2021-02-09,18,1,17.0,39,1,38.0,5,438,0.9886,21,155,0.8645,18,10,0.8,7,6,0.1667,30,1,29.0,5,1,4.0,7,1,6.0,1.0912052117263844,614,605,614,150,0
98,2021-02-10,18,1,17.0,39,1,38.0,5,438,0.9886,21,155,0.8645,18,10,0.8,7,6,0.1667,30,1,29.0,5,1,4.0,7,1,6.0,1.0912052117263844,614,598,614,150,0
99,2021-02-11,18,1,17.0,39,1,38.0,5,439,0.9886,21,155,0.8645,18,10,0.8,8,6,0.3333,30,1,29.0,5,1,4.0,7,1,6.0,1.0926829268292684,615,601,615,151,0
100,2021-02-12,19,1,18.0,39,1,38.0,5,439,0.9886,21,155,0.8645,18,10,0.8,8,6,0.3333,30,1,29.0,5,1,4.0,7,1,6.0,1.0943089430894308,615,603,615,152,0
101,2021-02-13,19,1,18.0,39,1,38.0,4,439,0.9909,21,155,0.8645,18,10,0.8,8,6,0.3333,30,1,29.0,5,1,4.0,7,1,6.0,1.0959349593495935,615,611,615,151,0
102,2021-02-14,19,1,18.0,39,1,38.0,4,440,0.9909,21,155,0.8645,18,10,0.8,8,6,0.3333,30,1,29.0,5,1,4.0,7,1,6.0,1.0957792207792207,616,609,616,151,0
103,2021-02-15,19,1,18.0,39,1,38.0,4,440,0.9909,21,155,0.8645,18,10,0.8,8,6,0.3333,30,1,29.0,5,1,4.0,7,1,6.0,1.0957792207792207,616,608,616,151,0
104,2021-02-16,20,1,19.0,39,1,38.0,4,441,0.9909,21,155,0.8645,18,10,0.8,8,6,0.3333,30,1,29.0,5,1,4.0,7,1,6.0,1.0972447325769854,617,608,617,152,0
105,2021-02-17,20,1,19.0,39,1,38.0,4,441,0.9909,21,155,0.8645,18,10,0.8,8,6,0.3333,30,1,29.0,5,1,4.0,7,1,6.0,1.0972447325769854,617,605,617,152,0
106,2021-02-18,20,1,19.0,39,1,38.0,4,442,0.991,21,155,0.8645,18,10,0.8,8,6,0.3333,30,1,29.0,5,1,4.0,7,1,6.0,1.0970873786407769,618,607,618,152,0
107,2021-02-19,20,1,19.0,40,1,39.0,4,442,0.991,21,155,0.8645,18,10,0.8,8,6,0.3333,30,1,29.0,5,1,4.0,7,1,6.0,1.098705501618123,618,606,618,153,0
108,2021-02-20,20,1,19.0,41,1,40.0,4,442,0.991,21,155,0.8645,18,10,0.8,8,6,0.3333,30,1,29.0,5,1,4.0,8,1,7.0,1.1019417475728157,618,607,618,155,0
109,2021-02-21,20,1,19.0,41,1,40.0,4,443,0.991,21,155,0.8645,18,10,0.8,8,6,0.3333,30,1,29.0,5,1,4.0,8,1,7.0,1.1017770597738288,619,606,619,155,0
110,2021-02-22,20,1,19.0,41,1,40.0,4,443,0.991,21,155,0.8645,18,10,0.8,8,6,0.3333,30,1,29.0,5,1,4.0,8,1,7.0,1.1017770597738288,619,601,619,155,0
111,2021-02-23,20,1,19.0,41,1,40.0,4,444,0.991,21,155,0.8645,18,10,0.8,9,6,0.5,30,1,29.0,5,1,4.0,8,1,7.0,1.103225806451613,620,607,620,156,0
112,2021-02-24,20,1,19.0,41,1,40.0,4,444,0.991,21,155,0.8645,18,10,0.8,9,6,0.5,30,1,29.0,5,1,4.0,8,1,7.0,1.103225806451613,620,608,620,156,0
113,2021-02-25,20,1,19.0,41,1,40.0,4,445,0.991,21,155,0.8645,18,10,0.8,9,6,0.5,30,1,29.0,5,1,4.0,8,1,7.0,1.103059581320451,621,613,621,156,0
114,2021-02-26,20,1,19.0,41,1,40.0,4,445,0.991,21,155,0.8645,18,10,0.8,9,6,0.5,30,1,29.0,5,1,4.0,8,1,7.0,1.103059581320451,621,610,621,156,0
115,2021-02-27,20,1,19.0,41,1,40.0,4,445,0.991,21,155,0.8645,18,10,0.8,9,6,0.5,30,1,29.0,5,1,4.0,8,1,7.0,1.103059581320451,621,610,621,156,0
116,2021-02-28,20,1,19.0,42,1,41.0,4,446,0.991,21,155,0.8645,19,10,0.9,9,6,0.5,30,1,29.0,5,1,4.0,8,1,7.0,1.1061093247588425,622,607,622,158,0
117,2021-03-01,20,1,19.0,43,1,42.0,4,446,0.991,21,155,0.8645,19,10,0.9,9,6,0.5,30,1,29.0,5,1,4.0,8,1,7.0,1.107717041800643,622,608,622,159,0
118,2021-03-02,19,1,18.0,43,1,42.0,4,447,0.9911,21,155,0.8645,19,10,0.9,9,6,0.5,30,1,29.0,5,1,4.0,8,1,7.0,1.1059390048154094,623,604,623,158,0
119,2021-03-03,19,1,18.0,44,1,43.0,4,447,0.9911,21,155,0.8645,19,10,0.9,9,6,0.5,30,1,29.0,5,1,4.0,8,1,7.0,1.1075441412520064,623,605,623,159,0
120,2021-03-04,19,1,18.0,44,1,43.0,4,448,0.9911,21,155,0.8645,20,10,1.0,9,6,0.5,30,1,29.0,5,1,4.0,8,1,7.0,1.108974358974359,624,612,624,160,0
121,2021-03-05,21,1,20.0,45,1,44.0,4,448,0.9911,21,155,0.8645,20,10,1.0,9,6,0.5,30,1,29.0,5,1,4.0,9,1,8.0,1.1153846153846154,624,618,624,164,0
122,2021-03-06,21,1,20.0,45,1,44.0,4,448,0.9911,21,155,0.8645,20,10,1.0,9,6,0.5,30,1,29.0,5,1,4.0,9,1,8.0,1.1153846153846154,624,621,624,164,0
123,2021-03-07,21,1,20.0,45,1,44.0,4,449,0.9911,21,155,0.8645,20,10,1.0,9,6,0.5,30,1,29.0,5,1,4.0,9,1,8.0,1.1152,625,621,625,164,0
124,2021-03-08,21,1,20.0,45,1,44.0,4,449,0.9911,22,155,0.8581,20,10,1.0,9,6,0.5,30,1,29.0,5,1,4.0,9,1,8.0,1.1136,625,620,625,165,0
125,2021-03-09,21,1,20.0,45,1,44.0,4,450,0.9911,22,155,0.8581,21,10,1.1,9,6,0.5,30,1,29.0,5,1,4.0,9,1,8.0,1.1150159744408945,626,621,626,166,0
126,2021-03-10,21,1,20.0,45,1,44.0,4,450,0.9911,22,155,0.8581,21,10,1.1,9,6,0.5,30,1,29.0,5,1,4.0,9,1,8.0,1.1150159744408945,626,622,626,166,0
127,2021-03-11,21,1,20.0,45,1,44.0,4,451,0.9911,22,155,0.8581,22,10,1.2,9,6,0.5,30,1,29.0,5,1,4.0,9,1,8.0,1.116427432216906,627,621,627,167,0
128,2021-03-12,21,1,20.0,44,1,43.0,4,451,0.9911,22,155,0.8581,22,10,1.2,9,6,0.5,30,1,29.0,5,1,4.0,9,1,8.0,1.1148325358851674,627,619,627,166,0
129,2021-03-13,21,1,20.0,44,1,43.0,4,452,0.9912,22,155,0.8581,23,10,1.3,9,6,0.5,30,1,29.0,5,1,4.0,9,1,8.0,1.1162420382165603,628,618,628,167,0
130,2021-03-14,21,1,20.0,44,1,43.0,4,452,0.9912,22,155,0.8581,23,10,1.3,9,6,0.5,30,1,29.0,5,1,4.0,9,1,8.0,1.1162420382165603,628,622,628,167,0
131,2021-03-15,22,1,21.0,44,1,43.0,4,452,0.9912,22,155,0.8581,23,10,1.3,9,6,0.5,30,1,29.0,5,1,4.0,9,1,8.0,1.117834394904459,628,623,628,168,0
132,2021-03-16,22,1,21.0,44,1,43.0,4,453,0.9912,22,155,0.8581,23,10,1.3,9,6,0.5,30,1,29.0,5,1,4.0,9,1,8.0,1.1176470588235294,629,621,629,168,0
133,2021-03-17,22,1,21.0,44,1,43.0,4,453,0.9912,22,155,0.8581,23,10,1.3,9,6,0.5,30,1,29.0,5,1,4.0,9,1,8.0,1.1176470588235294,629,622,629,168,0
134,2021-03-18,22,1,21.0,44,1,43.0,4,454,0.9912,22,155,0.8581,23,10,1.3,9,6,0.5,30,1,29.0,5,1,4.0,9,1,8.0,1.1174603174603177,630,619,630,168,0
135,2021-03-19,22,1,21.0,44,1,43.0,4,454,0.9912,22,155,0.8581,23,10,1.3,9,6,0.5,30,1,29.0,5,1,4.0,9,1,8.0,1.1174603174603177,630,619,630,168,0
136,2021-03-20,22,1,21.0,44,1,43.0,4,455,0.9912,22,155,0.8581,24,10,1.4,9,6,0.5,30,1,29.0,6,1,5.0,9,1,8.0,1.120443740095087,631,621,631,170,0
137,2021-03-21,22,1,21.0,44,1,43.0,4,455,0.9912,22,155,0.8581,24,10,1.4,9,6,0.5,30,1,29.0,6,1,5.0,9,1,8.0,1.120443740095087,631,624,631,170,0
138,2021-03-22,22,1,21.0,44,1,43.0,4,455,0.9912,22,155,0.8581,24,10,1.4,9,6,0.5,30,1,29.0,6,1,5.0,9,1,8.0,1.120443740095087,631,622,631,170,0
139,2021-03-23,22,1,21.0,44,1,43.0,4,456,0.9912,22,155,0.8581,24,10,1.4,9,6,0.5,30,1,29.0,6,1,5.0,8,1,7.0,1.1186708860759491,632,623,632,169,0
140,2021-03-24,22,1,21.0,44,1,43.0,4,456,0.9912,22,155,0.8581,24,10,1.4,9,6,0.5,30,1,29.0,6,1,5.0,8,1,7.0,1.1186708860759491,632,620,632,169,0
141,2021-03-25,22,1,21.0,45,1,44.0,4,457,0.9912,22,155,0.8581,24,10,1.4,9,6,0.5,30,1,29.0,6,1,5.0,8,1,7.0,1.1200631911532386,633,621,633,170,0
142,2021-03-26,22,1,21.0,45,1,44.0,4,457,0.9912,22,155,0.8581,24,10,1.4,9,6,0.5,30,1,29.0,6,1,5.0,8,1,7.0,1.1200631911532386,633,619,633,170,0
143,2021-03-27,22,1,21.0,45,1,44.0,4,458,0.9913,22,155,0.8581,24,10,1.4,9,6,0.5,30,1,29.0,6,1,5.0,8,1,7.0,1.1198738170347002,634,619,634,170,0
144,2021-03-28,23,1,22.0,45,1,44.0,5,458,0.9891,22,155,0.8581,24,10,1.4,9,6,0.5,30,1,29.0,7,1,6.0,8,1,7.0,1.1214511041009465,634,625,634,173,0
145,2021-03-29,23,1,22.0,45,1,44.0,6,458,0.9869,22,155,0.8581,24,10,1.4,9,6,0.5,30,1,29.0,7,1,6.0,8,1,7.0,1.1198738170347002,634,623,634,174,0
